{
  "version": "7",
  "dialect": "mysql",
  "entries": [
    {
      "idx": 0,
      "version": "5",
      "when": 1770323626184,
      "tag": "0000_lucky_shen",
      "breakpoints": true
    },
    {
      "idx": 1,
      "version": "5",
      "when": 1770327916730,
      "tag": "0001_glorious_jean_grey",
      "breakpoints": true
    },
    {
      "idx": 2,
      "version": "5",
      "when": 1770354161364,
      "tag": "0002_futuristic_redwing",
      "breakpoints": true
    },
    {
      "idx": 3,
      "version": "5",
      "when": 1770389533786,
      "tag": "0003_keen_night_thrasher",
      "breakpoints": true
    },
    {
      "idx": 4,
      "version": "5",
      "when": 1770390576633,
      "tag": "0004_far_northstar",
      "breakpoints": true
    },
    {
      "idx": 5,
      "version": "5",
      "when": 1770391039367,
      "tag": "0005_cynical_midnight",
      "breakpoints": true
    }
  ]
}